{"cameraMode":{"drawMode":0,"name":"Shaded","section":"Shading Mode"},"sceneLighting":true,"audioPlay":false,"sceneViewState":{"showFog":true,"showMaterialUpdate":true,"showSkybox":true,"showFlares":true,"showImageEffects":true,"showParticleSystems":true},"in2DMode":false,"pivot":{"x":69.80486297607422,"y":487.6165466308594,"z":974.2930908203125},"rotation":{"x":0.03930202126502991,"y":0.0024728933349251749,"z":-0.0007190172327682376,"w":0.9994015693664551},"size":620.4232177734375,"orthographic":false}