{"cameraMode":{"drawMode":0,"name":"Shaded","section":"Shading Mode"},"sceneLighting":false,"audioPlay":false,"sceneViewState":{"showFog":true,"showMaterialUpdate":true,"showSkybox":false,"showFlares":true,"showImageEffects":true,"showParticleSystems":true},"in2DMode":false,"pivot":{"x":0.004174783825874329,"y":52.69003677368164,"z":82.74406433105469},"rotation":{"x":-0.009042437188327313,"y":0.9616930484771729,"z":-0.27269449830055239,"w":-0.03133830800652504},"size":9.452165603637696,"orthographic":false}