{"cameraMode":{"drawMode":0,"name":"Shaded","section":"Shading Mode"},"sceneLighting":false,"audioPlay":false,"sceneViewState":{"showFog":false,"showMaterialUpdate":false,"showSkybox":false,"showFlares":false,"showImageEffects":false,"showParticleSystems":false},"in2DMode":false,"pivot":{"x":0.739047646522522,"y":-0.49534690380096438,"z":-0.49247822165489199},"rotation":{"x":-0.1718682050704956,"y":-0.7737656831741333,"z":0.23728425800800324,"w":-0.5618922710418701},"size":1.4805209636688233,"orthographic":false}