{"cameraMode":{"drawMode":0,"name":"Shaded","section":"Shading Mode"},"sceneLighting":false,"audioPlay":false,"sceneViewState":{"showFog":true,"showMaterialUpdate":true,"showSkybox":true,"showFlares":true,"showImageEffects":true,"showParticleSystems":true},"in2DMode":false,"pivot":{"x":0.006485402584075928,"y":0.042206406593322757,"z":-0.000018512830138206482},"rotation":{"x":-0.0769597515463829,"y":-0.895885169506073,"z":0.17174223065376283,"w":-0.4026912450790405},"size":0.24593065679073335,"orthographic":false}