{"cameraMode":{"drawMode":0,"name":"Shaded","section":"Shading Mode"},"sceneLighting":true,"audioPlay":false,"sceneViewState":{"showFog":true,"showMaterialUpdate":false,"showSkybox":true,"showFlares":true,"showImageEffects":true,"showParticleSystems":true},"in2DMode":false,"pivot":{"x":-12.138130187988282,"y":-26.290157318115236,"z":-12.206156730651856},"rotation":{"x":0.18657784163951875,"y":0.4271732568740845,"z":-0.09036806970834732,"w":0.8801747560501099},"size":11.411661148071289,"orthographic":false}