{"cameraMode":{"drawMode":0,"name":"Shaded","section":"Shading Mode"},"sceneLighting":false,"audioPlay":false,"sceneViewState":{"showFog":false,"showMaterialUpdate":false,"showSkybox":false,"showFlares":false,"showImageEffects":false,"showParticleSystems":false},"in2DMode":false,"pivot":{"x":-14.393511772155762,"y":7.284482002258301,"z":3.814446210861206},"rotation":{"x":-0.14028951525688172,"y":-0.7517209053039551,"z":0.17013174295425416,"w":-0.6217464208602905},"size":1.4805209636688233,"orthographic":false}