{"cameraMode":{"drawMode":0,"name":"Shaded","section":"Shading Mode"},"sceneLighting":true,"audioPlay":false,"sceneViewState":{"showFog":true,"showMaterialUpdate":true,"showSkybox":true,"showFlares":true,"showImageEffects":true,"showParticleSystems":true},"in2DMode":false,"pivot":{"x":148.93849182128907,"y":58.22026443481445,"z":131.95703125},"rotation":{"x":0.013207316398620606,"y":-0.01778554916381836,"z":0.000491199316456914,"w":-0.9999386668205261},"size":154.83740234375,"orthographic":false}