{"cameraMode":{"drawMode":0,"name":"Shaded","section":"Shading Mode"},"sceneLighting":false,"audioPlay":false,"sceneViewState":{"showFog":true,"showMaterialUpdate":true,"showSkybox":true,"showFlares":true,"showImageEffects":true,"showParticleSystems":true},"in2DMode":false,"pivot":{"x":1.9225902557373047,"y":-2.362312078475952,"z":-4.806272983551025},"rotation":{"x":0.021223628893494607,"y":0.9734296798706055,"z":-0.2044292837381363,"w":0.10111590474843979},"size":4.720198631286621,"orthographic":false}