{"cameraMode":{"drawMode":0,"name":"Shaded","section":"Shading Mode"},"sceneLighting":false,"audioPlay":false,"sceneViewState":{"showFog":true,"showMaterialUpdate":true,"showSkybox":false,"showFlares":true,"showImageEffects":true,"showParticleSystems":true},"in2DMode":false,"pivot":{"x":-25.438669204711915,"y":7.631417274475098,"z":5.643906116485596},"rotation":{"x":-0.08581063896417618,"y":-0.805560290813446,"z":0.12092848867177963,"w":-0.5739004015922546},"size":9.452165603637696,"orthographic":false}