{"cameraMode":{"drawMode":0,"name":"Shaded","section":"Shading Mode"},"sceneLighting":true,"audioPlay":false,"sceneViewState":{"showFog":true,"showMaterialUpdate":true,"showSkybox":true,"showFlares":true,"showImageEffects":true,"showParticleSystems":true},"in2DMode":false,"pivot":{"x":193.90042114257813,"y":-152.60980224609376,"z":1813.5816650390625},"rotation":{"x":-0.02274416573345661,"y":-0.05553051456809044,"z":0.0017735438887029887,"w":-0.9983832836151123},"size":957.6570434570313,"orthographic":false}