{"cameraMode":{"drawMode":0,"name":"Shaded","section":"Shading Mode"},"sceneLighting":false,"audioPlay":false,"sceneViewState":{"showFog":true,"showMaterialUpdate":false,"showSkybox":false,"showFlares":true,"showImageEffects":true,"showParticleSystems":true},"in2DMode":false,"pivot":{"x":-16.737581253051759,"y":-0.609587550163269,"z":7.718969821929932},"rotation":{"x":-0.1651131510734558,"y":-0.32549548149108889,"z":0.057732440531253818,"w":-0.9292870163917542},"size":12.990381240844727,"orthographic":false}