{"cameraMode":{"drawMode":0,"name":"Shaded","section":"Shading Mode"},"sceneLighting":true,"audioPlay":false,"sceneViewState":{"showFog":true,"showMaterialUpdate":true,"showSkybox":true,"showFlares":true,"showImageEffects":true,"showParticleSystems":true},"in2DMode":false,"pivot":{"x":-16.26610565185547,"y":-53.3650016784668,"z":-11.226885795593262},"rotation":{"x":-0.29353252053260805,"y":-0.6615886688232422,"z":0.31779220700263979,"w":-0.6127633452415466},"size":28.35517120361328,"orthographic":false}