{"cameraMode":{"drawMode":0,"name":"Shaded","section":"Shading Mode"},"sceneLighting":true,"audioPlay":false,"sceneViewState":{"showFog":true,"showMaterialUpdate":true,"showSkybox":true,"showFlares":true,"showImageEffects":true,"showParticleSystems":true},"in2DMode":false,"pivot":{"x":94.50358581542969,"y":-67.42276000976563,"z":177.0963134765625},"rotation":{"x":-0.0924357995390892,"y":-0.21270228922367097,"z":0.020489459857344629,"w":-0.9726579189300537},"size":145.9996795654297,"orthographic":false}