{"cameraMode":{"drawMode":0,"name":"Shaded","section":"Shading Mode"},"sceneLighting":false,"audioPlay":false,"sceneViewState":{"showFog":false,"showMaterialUpdate":false,"showSkybox":false,"showFlares":false,"showImageEffects":false,"showParticleSystems":false},"in2DMode":false,"pivot":{"x":-24.387537002563478,"y":18.35354995727539,"z":-5.058183670043945},"rotation":{"x":0.15295685827732087,"y":0.7520135641098023,"z":-0.18762999773025514,"w":0.6131225228309631},"size":2.68052077293396,"orthographic":false}