{"cameraMode":{"drawMode":0,"name":"Shaded","section":"Shading Mode"},"sceneLighting":true,"audioPlay":false,"sceneViewState":{"showFog":true,"showMaterialUpdate":true,"showSkybox":true,"showFlares":true,"showImageEffects":true,"showParticleSystems":true},"in2DMode":false,"pivot":{"x":-60.30736541748047,"y":-34.3607177734375,"z":83.46942901611328},"rotation":{"x":0.04606805741786957,"y":0.9513259530067444,"z":-0.18096712231636048,"w":0.2458847165107727},"size":8.317895889282227,"orthographic":false}