{"cameraMode":{"drawMode":0,"name":"Shaded","section":"Shading Mode"},"sceneLighting":true,"audioPlay":false,"sceneViewState":{"showFog":true,"showMaterialUpdate":true,"showSkybox":true,"showFlares":true,"showImageEffects":true,"showParticleSystems":true},"in2DMode":false,"pivot":{"x":-117.10921478271485,"y":-160.81663513183595,"z":20.996429443359376},"rotation":{"x":0.28228721022605898,"y":-0.30928415060043337,"z":0.09668811410665512,"w":0.9029510617256165},"size":101.1962890625,"orthographic":false}