{"cameraMode":{"drawMode":0,"name":"Shaded","section":"Shading Mode"},"sceneLighting":false,"audioPlay":false,"sceneViewState":{"showFog":true,"showMaterialUpdate":false,"showSkybox":false,"showFlares":true,"showImageEffects":true,"showParticleSystems":true},"in2DMode":false,"pivot":{"x":-13.833179473876954,"y":-2.5004749298095705,"z":-13.538342475891114},"rotation":{"x":-0.1857827603816986,"y":-0.5899528861045837,"z":0.14168331027030946,"w":-0.77297043800354},"size":12.990381240844727,"orthographic":false}