{"cameraMode":{"drawMode":0,"name":"Shaded","section":"Shading Mode"},"sceneLighting":false,"audioPlay":false,"sceneViewState":{"showFog":true,"showMaterialUpdate":true,"showSkybox":true,"showFlares":true,"showImageEffects":true,"showParticleSystems":true},"in2DMode":false,"pivot":{"x":1.290578007698059,"y":0.22286945581436158,"z":0.19051575660705567},"rotation":{"x":0.12137459963560105,"y":0.737107515335083,"z":-0.13756823539733888,"w":0.6504220366477966},"size":2.68052077293396,"orthographic":false}