{"cameraMode":{"drawMode":0,"name":"Shaded","section":"Shading Mode"},"sceneLighting":true,"audioPlay":false,"sceneViewState":{"showFog":true,"showMaterialUpdate":true,"showSkybox":true,"showFlares":true,"showImageEffects":true,"showParticleSystems":true},"in2DMode":false,"pivot":{"x":-0.5537521839141846,"y":-0.14084750413894654,"z":0.2741999924182892},"rotation":{"x":-0.31485775113105776,"y":-0.5851031541824341,"z":0.2639133334159851,"w":-0.69938725233078},"size":0.25469356775283816,"orthographic":false}