{"cameraMode":{"drawMode":0,"name":"Shaded","section":"Shading Mode"},"sceneLighting":true,"audioPlay":false,"sceneViewState":{"showFog":true,"showMaterialUpdate":false,"showSkybox":false,"showFlares":true,"showImageEffects":true,"showParticleSystems":true},"in2DMode":false,"pivot":{"x":-40.68902587890625,"y":-94.18246459960938,"z":-23.855667114257814},"rotation":{"x":-0.1311551183462143,"y":0.23177261650562287,"z":-0.03155343979597092,"w":-0.9633729457855225},"size":744.6982421875,"orthographic":false}