{"cameraMode":{"drawMode":0,"name":"Shaded","section":"Shading Mode"},"sceneLighting":false,"audioPlay":false,"sceneViewState":{"showFog":true,"showMaterialUpdate":false,"showSkybox":false,"showFlares":true,"showImageEffects":true,"showParticleSystems":true},"in2DMode":false,"pivot":{"x":0.9435626268386841,"y":0.024754848331212999,"z":-0.4102899432182312},"rotation":{"x":0.06605628877878189,"y":0.8633498549461365,"z":-0.11726559698581696,"w":0.4863279461860657},"size":2.0142271518707277,"orthographic":false}