{"cameraMode":{"drawMode":0,"name":"Shaded","section":"Shading Mode"},"sceneLighting":false,"audioPlay":false,"sceneViewState":{"showFog":true,"showMaterialUpdate":false,"showSkybox":false,"showFlares":true,"showImageEffects":true,"showParticleSystems":true},"in2DMode":false,"pivot":{"x":-0.7975301742553711,"y":-0.2972346246242523,"z":-0.20646071434020997},"rotation":{"x":-0.05061059445142746,"y":0.3320629596710205,"z":0.017846373841166498,"w":0.9417382478713989},"size":2.8065078258514406,"orthographic":false}