{"cameraMode":{"drawMode":0,"name":"Shaded","section":"Shading Mode"},"sceneLighting":true,"audioPlay":false,"sceneViewState":{"showFog":false,"showMaterialUpdate":false,"showSkybox":true,"showFlares":false,"showImageEffects":false,"showParticleSystems":false},"in2DMode":false,"pivot":{"x":11.413328170776368,"y":41.947669982910159,"z":12.819360733032227},"rotation":{"x":0.0156400166451931,"y":-0.25943657755851748,"z":-0.004186438396573067,"w":-0.9656690359115601},"size":100.76073455810547,"orthographic":false}