{"cameraMode":{"drawMode":0,"name":"Shaded","section":"Shading Mode"},"sceneLighting":false,"audioPlay":false,"sceneViewState":{"showFog":false,"showMaterialUpdate":false,"showSkybox":true,"showFlares":false,"showImageEffects":false,"showParticleSystems":false},"in2DMode":false,"pivot":{"x":171.58111572265626,"y":-388.8591003417969,"z":-43.03162384033203},"rotation":{"x":0.5768659114837647,"y":-0.4007889926433563,"z":0.3870818614959717,"w":0.5972973704338074},"size":606.2487182617188,"orthographic":false}