{"cameraMode":{"drawMode":0,"name":"Shaded","section":"Shading Mode"},"sceneLighting":true,"audioPlay":false,"sceneViewState":{"showFog":true,"showMaterialUpdate":false,"showSkybox":true,"showFlares":true,"showImageEffects":true,"showParticleSystems":true},"in2DMode":false,"pivot":{"x":52.48480987548828,"y":-24.42837905883789,"z":22.52732276916504},"rotation":{"x":-0.21492180228233338,"y":-0.5293071866035461,"z":0.14073976874351502,"w":-0.8086332678794861},"size":93.40287017822266,"orthographic":false}