{"cameraMode":{"drawMode":0,"name":"Shaded","section":"Shading Mode"},"sceneLighting":false,"audioPlay":false,"sceneViewState":{"showFog":true,"showMaterialUpdate":false,"showSkybox":false,"showFlares":true,"showImageEffects":true,"showParticleSystems":true},"in2DMode":false,"pivot":{"x":0.13525782525539399,"y":0.026228561997413636,"z":0.10362279415130615},"rotation":{"x":-0.12613336741924287,"y":0.8547418117523193,"z":-0.24514628946781159,"w":-0.43978556990623476},"size":1.4032539129257203,"orthographic":false}