{"cameraMode":{"drawMode":0,"name":"Shaded","section":"Shading Mode"},"sceneLighting":true,"audioPlay":false,"sceneViewState":{"showFog":false,"showMaterialUpdate":false,"showSkybox":false,"showFlares":false,"showImageEffects":false,"showParticleSystems":false},"in2DMode":false,"pivot":{"x":187.00926208496095,"y":-416.3258972167969,"z":-432.48919677734377},"rotation":{"x":0.07425220310688019,"y":0.9114927053451538,"z":-0.3575507700443268,"w":0.1894933432340622},"size":668.2117919921875,"orthographic":false}