{"cameraMode":{"drawMode":0,"name":"Shaded","section":"Shading Mode"},"sceneLighting":false,"audioPlay":false,"sceneViewState":{"showFog":true,"showMaterialUpdate":false,"showSkybox":false,"showFlares":true,"showImageEffects":true,"showParticleSystems":true},"in2DMode":false,"pivot":{"x":-0.23617029190063477,"y":-1.02009916305542,"z":-0.36767399311065676},"rotation":{"x":-0.12613336741924287,"y":0.8547418117523193,"z":-0.24514628946781159,"w":-0.43978556990623476},"size":2.608530282974243,"orthographic":false}