{"cameraMode":{"drawMode":0,"name":"Shaded","section":"Shading Mode"},"sceneLighting":false,"audioPlay":false,"sceneViewState":{"showFog":true,"showMaterialUpdate":false,"showSkybox":false,"showFlares":true,"showImageEffects":true,"showParticleSystems":true},"in2DMode":false,"pivot":{"x":-99.81285095214844,"y":-100.06754302978516,"z":0.24846836924552918},"rotation":{"x":0.16785390675067902,"y":0.7034261226654053,"z":-0.1768515557050705,"w":0.6676381230354309},"size":1.211397409439087,"orthographic":false}