{"cameraMode":{"drawMode":0,"name":"Shaded","section":"Shading Mode"},"sceneLighting":true,"audioPlay":false,"sceneViewState":{"showFog":true,"showMaterialUpdate":false,"showSkybox":true,"showFlares":true,"showImageEffects":true,"showParticleSystems":true},"in2DMode":false,"pivot":{"x":-97.49356842041016,"y":-97.27334594726563,"z":3.4616308212280275},"rotation":{"x":-0.1929122805595398,"y":0.6734671592712402,"z":-0.1887894868850708,"w":-0.6881745457649231},"size":2.3200111389160158,"orthographic":false}