{"cameraMode":{"drawMode":0,"name":"Shaded","section":"Shading Mode"},"sceneLighting":true,"audioPlay":false,"sceneViewState":{"showFog":true,"showMaterialUpdate":false,"showSkybox":true,"showFlares":true,"showImageEffects":true,"showParticleSystems":true},"in2DMode":false,"pivot":{"x":-103.97901916503906,"y":-98.05099487304688,"z":-0.5617990493774414},"rotation":{"x":0.1683635264635086,"y":-0.1545584797859192,"z":0.026739828288555146,"w":0.9731665849685669},"size":8.138712882995606,"orthographic":false}