{"cameraMode":{"drawMode":0,"name":"Shaded","section":"Shading Mode"},"sceneLighting":false,"audioPlay":false,"sceneViewState":{"showFog":true,"showMaterialUpdate":false,"showSkybox":false,"showFlares":true,"showImageEffects":true,"showParticleSystems":true},"in2DMode":false,"pivot":{"x":-1.2231084108352662,"y":0.5551974773406982,"z":0.19023564457893372},"rotation":{"x":-0.02965720370411873,"y":-0.6858828067779541,"z":0.028018463402986528,"w":-0.7265821099281311},"size":0.5367727875709534,"orthographic":false}