{"cameraMode":{"drawMode":0,"name":"Shaded","section":"Shading Mode"},"sceneLighting":false,"audioPlay":false,"sceneViewState":{"showFog":true,"showMaterialUpdate":false,"showSkybox":false,"showFlares":true,"showImageEffects":true,"showParticleSystems":true},"in2DMode":false,"pivot":{"x":-0.09730999916791916,"y":-0.07265198975801468,"z":0.1516101062297821},"rotation":{"x":0.02378075197339058,"y":-0.6928070783615112,"z":0.02287093549966812,"w":0.7203684449195862},"size":0.8660253882408142,"orthographic":false}