{"cameraMode":{"drawMode":0,"name":"Shaded","section":"Shading Mode"},"sceneLighting":false,"audioPlay":false,"sceneViewState":{"showFog":true,"showMaterialUpdate":false,"showSkybox":false,"showFlares":true,"showImageEffects":true,"showParticleSystems":true},"in2DMode":false,"pivot":{"x":-8.79625129699707,"y":3.9147536754608156,"z":-0.3382338881492615},"rotation":{"x":-0.1893560290336609,"y":-0.6759751439094544,"z":0.18624316155910493,"w":-0.6874715089797974},"size":0.033974647521972659,"orthographic":false}