{"cameraMode":{"drawMode":0,"name":"Shaded","section":"Shading Mode"},"sceneLighting":true,"audioPlay":false,"sceneViewState":{"showFog":true,"showMaterialUpdate":false,"showSkybox":true,"showFlares":true,"showImageEffects":true,"showParticleSystems":true},"in2DMode":false,"pivot":{"x":-83.99935150146485,"y":-84.95758819580078,"z":78.04024505615235},"rotation":{"x":0.012021156027913094,"y":-0.971845269203186,"z":-0.050762515515089038,"w":-0.22981144487857819},"size":1.3893167972564698,"orthographic":false}