{"cameraMode":{"drawMode":0,"name":"Shaded","section":"Shading Mode"},"sceneLighting":false,"audioPlay":false,"sceneViewState":{"showFog":true,"showMaterialUpdate":false,"showSkybox":false,"showFlares":true,"showImageEffects":true,"showParticleSystems":true},"in2DMode":false,"pivot":{"x":-8.880452156066895,"y":-4.7012410163879398,"z":14.859649658203125},"rotation":{"x":-0.07320256531238556,"y":0.668630838394165,"z":-0.06641115993261337,"w":-0.7369991540908814},"size":13.856406211853028,"orthographic":false}