{"cameraMode":{"drawMode":0,"name":"Shaded","section":"Shading Mode"},"sceneLighting":true,"audioPlay":false,"sceneViewState":{"showFog":true,"showMaterialUpdate":false,"showSkybox":true,"showFlares":true,"showImageEffects":true,"showParticleSystems":true},"in2DMode":false,"pivot":{"x":-149.89471435546876,"y":69.06645202636719,"z":234.1661834716797},"rotation":{"x":0.21130578219890595,"y":0.45686277747154238,"z":-0.11267773807048798,"w":0.8567505478858948},"size":242.4871063232422,"orthographic":false}