{"cameraMode":{"drawMode":0,"name":"Shaded","section":"Shading Mode"},"sceneLighting":true,"audioPlay":false,"sceneViewState":{"showFog":true,"showMaterialUpdate":false,"showSkybox":true,"showFlares":true,"showImageEffects":true,"showParticleSystems":true},"in2DMode":false,"pivot":{"x":-4.978630542755127,"y":1.117445707321167,"z":9.007590293884278},"rotation":{"x":0.3094780445098877,"y":-0.204689159989357,"z":0.0683869943022728,"w":0.9261084198951721},"size":0.7071067690849304,"orthographic":false}